{
    "intents": [
        {
            "tag": "greeting",
            "patterns": [ "Hi", "How are you", "Is anyone there?", "Hello", "Good day" ],
            "responses": [ "Hello, thanks for visiting", "Good to see you again", "Hi there, how can I help?" ],
            "context_set": ""
        },
        {
            "tag": "goodbye",
            "patterns": [ "Bye", "See you later", "Goodbye" ],
            "responses": [ "See you later, thanks for visiting", "Have a nice day", "Bye! Come back again soon." ]
        },
        {
            "tag": "thanks",
            "patterns": [ "Thanks", "Thank you", "That's helpful" ],
            "responses": [ "Happy to help!", "Any time!", "My pleasure" ]
        },
        {
            "tag": "hours",
            "patterns": [ "What hours are you open?", "What are your hours?", "When are you open?", "When is the time to contact ?", "At what time do you provide services ?" ],
            "responses": [ "We're open every day from 9AM to 9PM", "Our working hours are 9AM to 9PM every day" ]
        },
        {
            "tag": "location",
            "patterns": [ "What is your location?", "Where are you located?", "What is your address?", "Where is your company situated?", "How can we contact you ?", "How can I contact you?" ],
            "responses": [ "We are on BH-5, LPU", "Our company is situated in BH-5, LPU", "We work from BH-5 LPU", "Our location is BH-5 LPU"]
        },
        {
            "tag": "payments",
            "patterns": [ "Do you take credit cards?", "Do you accept Mastercard?", "Are you cash only?", "Which credit cards do you accept?" ],
            "responses": [ "We accept VISA, Mastercard and AMEX", "We accept most major credit cards" ]
        },
        {
            "tag": "services",
            "patterns": [ "What are the services that you provide?", "Which services do you provide?", "How can you help us?", "What can you do?" ],
            "responses": [ "We provide Web Penetration Testing,Android Penetration Testing,Docker Penetration Testing,Vulnerability Assessment,Cyber Crime investigation and many more services." ]
        }
    ]
}